{"cameraMode":{"drawMode":0,"name":"Shaded","section":"Shading Mode"},"sceneLighting":true,"audioPlay":false,"sceneViewState":{"m_AlwaysRefresh":false,"showFog":true,"showSkybox":false,"showFlares":true,"showImageEffects":true,"showParticleSystems":true,"showVisualEffectGraphs":true,"m_FxEnabled":true},"in2DMode":false,"pivot":{"x":-25.57720947265625,"y":9.371163368225098,"z":7.875131607055664},"rotation":{"x":0.021054718643426896,"y":-0.9766755104064941,"z":0.11361781507730484,"w":0.18104955554008485},"size":0.3535533845424652,"orthographic":false}