{"cameraMode":{"drawMode":0,"name":"Shaded","section":"Shading Mode"},"sceneLighting":false,"audioPlay":false,"sceneViewState":{"m_AlwaysRefresh":false,"showFog":true,"showSkybox":false,"showFlares":true,"showImageEffects":true,"showParticleSystems":true,"showVisualEffectGraphs":true,"m_FxEnabled":true},"in2DMode":false,"pivot":{"x":54.79999923706055,"y":19.989999771118165,"z":59.253997802734378},"rotation":{"x":0.029938101768493654,"y":0.9664114117622376,"z":-0.1315513402223587,"w":0.21936625242233277},"size":4.461765289306641,"orthographic":false}