{"cameraMode":{"drawMode":0,"name":"Shaded","section":"Shading Mode"},"sceneLighting":false,"audioPlay":false,"sceneViewState":{"m_AlwaysRefresh":false,"showFog":true,"showSkybox":false,"showFlares":true,"showImageEffects":true,"showParticleSystems":true,"showVisualEffectGraphs":true,"m_FxEnabled":true},"in2DMode":false,"pivot":{"x":-0.005278944969177246,"y":-0.2769930362701416,"z":0.8878889083862305},"rotation":{"x":0.19823932647705079,"y":0.7309473156929016,"z":-0.23853597044944764,"w":0.6081269979476929},"size":1.5903178453445435,"orthographic":false}